,location_name,attendance
0,Climate Pledge Arena,12875.461538461539
1,Coca-Cola Coliseum,8379.583333333334
2,Grand Casino Arena,8142.846153846154
3,Pacific Coliseum,11234.692307692309
4,Place Bell,9270.583333333334
5,Prudential Center,4018.6666666666665
6,TD Place,7382.0
7,Tsongas Center,4885.25
