,location_name,avg_attendance,avg_attendance_whole,capacity
0,Climate Pledge Arena,12875.46154,12875,17151
1,Coca-Cola Coliseum,8379.583333,8380,"8,140"
2,Grand Casino Arena,8142.846154,8143,18064
3,Pacific Coliseum,11228.41667,11228,"16,281"
4,Place Bell,9270.583333,9271,"15,041"
5,Prudential Center,4018.666667,4019,"16,514"
6,TD Place,7298,7298,"8,585"
7,Tsongas Center,4708.857143,4709,"6,500"